frame,branch1_score,branch2_score,ground_truth
0,0.3360995650291443,0.9729744791984558,0
1,0.3360995650291443,0.9729744791984558,0
2,0.3360995650291443,0.9729744791984558,0
3,0.3360995650291443,0.9729744791984558,0
4,0.3360995650291443,0.9729744791984558,0
5,0.3360995650291443,0.9729744791984558,0
6,0.3360995650291443,0.9729744791984558,0
7,0.3360995650291443,0.9729744791984558,0
8,0.3360995650291443,0.9729744791984558,0
9,0.3360995650291443,0.9729744791984558,0
10,0.3360995650291443,0.9729744791984558,0
11,0.3360995650291443,0.9729744791984558,0
12,0.3360995650291443,0.9729744791984558,0
13,0.3360995650291443,0.9729744791984558,0
14,0.3360995650291443,0.9729744791984558,0
15,0.3360995650291443,0.9729744791984558,0
16,0.36871057748794556,0.9745182394981384,0
17,0.36871057748794556,0.9745182394981384,0
18,0.36871057748794556,0.9745182394981384,0
19,0.36871057748794556,0.9745182394981384,0
20,0.36871057748794556,0.9745182394981384,0
21,0.36871057748794556,0.9745182394981384,0
22,0.36871057748794556,0.9745182394981384,0
23,0.36871057748794556,0.9745182394981384,0
24,0.36871057748794556,0.9745182394981384,0
25,0.36871057748794556,0.9745182394981384,0
26,0.36871057748794556,0.9745182394981384,0
27,0.36871057748794556,0.9745182394981384,0
28,0.36871057748794556,0.9745182394981384,0
29,0.36871057748794556,0.9745182394981384,0
30,0.36871057748794556,0.9745182394981384,0
31,0.36871057748794556,0.9745182394981384,0
32,0.3792048394680023,0.9741637110710144,0
33,0.3792048394680023,0.9741637110710144,0
34,0.3792048394680023,0.9741637110710144,0
35,0.3792048394680023,0.9741637110710144,0
36,0.3792048394680023,0.9741637110710144,0
37,0.3792048394680023,0.9741637110710144,0
38,0.3792048394680023,0.9741637110710144,0
39,0.3792048394680023,0.9741637110710144,0
40,0.3792048394680023,0.9741637110710144,0
41,0.3792048394680023,0.9741637110710144,0
42,0.3792048394680023,0.9741637110710144,0
43,0.3792048394680023,0.9741637110710144,0
44,0.3792048394680023,0.9741637110710144,0
45,0.3792048394680023,0.9741637110710144,0
46,0.3792048394680023,0.9741637110710144,0
47,0.3792048394680023,0.9741637110710144,0
48,0.4190240204334259,0.9751593470573425,0
49,0.4190240204334259,0.9751593470573425,0
50,0.4190240204334259,0.9751593470573425,0
51,0.4190240204334259,0.9751593470573425,0
52,0.4190240204334259,0.9751593470573425,0
53,0.4190240204334259,0.9751593470573425,0
54,0.4190240204334259,0.9751593470573425,0
55,0.4190240204334259,0.9751593470573425,0
56,0.4190240204334259,0.9751593470573425,0
57,0.4190240204334259,0.9751593470573425,0
58,0.4190240204334259,0.9751593470573425,0
59,0.4190240204334259,0.9751593470573425,0
60,0.4190240204334259,0.9751593470573425,0
61,0.4190240204334259,0.9751593470573425,0
62,0.4190240204334259,0.9751593470573425,0
63,0.4190240204334259,0.9751593470573425,0
64,0.4663901925086975,0.977889895439148,0
65,0.4663901925086975,0.977889895439148,0
66,0.4663901925086975,0.977889895439148,0
67,0.4663901925086975,0.977889895439148,0
68,0.4663901925086975,0.977889895439148,0
69,0.4663901925086975,0.977889895439148,0
70,0.4663901925086975,0.977889895439148,0
71,0.4663901925086975,0.977889895439148,0
72,0.4663901925086975,0.977889895439148,0
73,0.4663901925086975,0.977889895439148,0
74,0.4663901925086975,0.977889895439148,0
75,0.4663901925086975,0.977889895439148,0
76,0.4663901925086975,0.977889895439148,0
77,0.4663901925086975,0.977889895439148,0
78,0.4663901925086975,0.977889895439148,0
79,0.4663901925086975,0.977889895439148,0
80,0.527747392654419,0.9806436896324158,0
81,0.527747392654419,0.9806436896324158,0
82,0.527747392654419,0.9806436896324158,0
83,0.527747392654419,0.9806436896324158,0
84,0.527747392654419,0.9806436896324158,0
85,0.527747392654419,0.9806436896324158,0
86,0.527747392654419,0.9806436896324158,0
87,0.527747392654419,0.9806436896324158,0
88,0.527747392654419,0.9806436896324158,0
89,0.527747392654419,0.9806436896324158,0
90,0.527747392654419,0.9806436896324158,0
91,0.527747392654419,0.9806436896324158,0
92,0.527747392654419,0.9806436896324158,0
93,0.527747392654419,0.9806436896324158,0
94,0.527747392654419,0.9806436896324158,0
95,0.527747392654419,0.9806436896324158,0
96,0.6166964173316956,0.9839786291122437,0
97,0.6166964173316956,0.9839786291122437,0
98,0.6166964173316956,0.9839786291122437,0
99,0.6166964173316956,0.9839786291122437,0
100,0.6166964173316956,0.9839786291122437,0
101,0.6166964173316956,0.9839786291122437,0
102,0.6166964173316956,0.9839786291122437,0
103,0.6166964173316956,0.9839786291122437,0
104,0.6166964173316956,0.9839786291122437,0
105,0.6166964173316956,0.9839786291122437,0
106,0.6166964173316956,0.9839786291122437,0
107,0.6166964173316956,0.9839786291122437,0
108,0.6166964173316956,0.9839786291122437,0
109,0.6166964173316956,0.9839786291122437,0
110,0.6166964173316956,0.9839786291122437,0
111,0.6166964173316956,0.9839786291122437,0
112,0.7040666937828064,0.9862784743309021,0
113,0.7040666937828064,0.9862784743309021,0
114,0.7040666937828064,0.9862784743309021,0
115,0.7040666937828064,0.9862784743309021,0
116,0.7040666937828064,0.9862784743309021,0
117,0.7040666937828064,0.9862784743309021,0
118,0.7040666937828064,0.9862784743309021,0
119,0.7040666937828064,0.9862784743309021,0
120,0.7040666937828064,0.9862784743309021,0
121,0.7040666937828064,0.9862784743309021,0
122,0.7040666937828064,0.9862784743309021,0
123,0.7040666937828064,0.9862784743309021,0
124,0.7040666937828064,0.9862784743309021,0
125,0.7040666937828064,0.9862784743309021,0
126,0.7040666937828064,0.9862784743309021,0
127,0.7040666937828064,0.9862784743309021,0
128,0.7737027406692505,0.9883241057395935,0
129,0.7737027406692505,0.9883241057395935,0
130,0.7737027406692505,0.9883241057395935,0
131,0.7737027406692505,0.9883241057395935,0
132,0.7737027406692505,0.9883241057395935,0
133,0.7737027406692505,0.9883241057395935,0
134,0.7737027406692505,0.9883241057395935,0
135,0.7737027406692505,0.9883241057395935,0
136,0.7737027406692505,0.9883241057395935,0
137,0.7737027406692505,0.9883241057395935,0
138,0.7737027406692505,0.9883241057395935,0
139,0.7737027406692505,0.9883241057395935,0
140,0.7737027406692505,0.9883241057395935,0
141,0.7737027406692505,0.9883241057395935,0
142,0.7737027406692505,0.9883241057395935,0
143,0.7737027406692505,0.9883241057395935,0
144,0.842178463935852,0.9901731014251709,0
145,0.842178463935852,0.9901731014251709,0
146,0.842178463935852,0.9901731014251709,0
147,0.842178463935852,0.9901731014251709,0
148,0.842178463935852,0.9901731014251709,0
149,0.842178463935852,0.9901731014251709,0
150,0.842178463935852,0.9901731014251709,0
151,0.842178463935852,0.9901731014251709,0
152,0.842178463935852,0.9901731014251709,0
153,0.842178463935852,0.9901731014251709,0
154,0.842178463935852,0.9901731014251709,0
155,0.842178463935852,0.9901731014251709,0
156,0.842178463935852,0.9901731014251709,0
157,0.842178463935852,0.9901731014251709,0
158,0.842178463935852,0.9901731014251709,0
159,0.842178463935852,0.9901731014251709,0
160,0.8899730443954468,0.9918035864830017,0
161,0.8899730443954468,0.9918035864830017,0
162,0.8899730443954468,0.9918035864830017,0
163,0.8899730443954468,0.9918035864830017,0
164,0.8899730443954468,0.9918035864830017,0
165,0.8899730443954468,0.9918035864830017,0
166,0.8899730443954468,0.9918035864830017,0
167,0.8899730443954468,0.9918035864830017,0
168,0.8899730443954468,0.9918035864830017,0
169,0.8899730443954468,0.9918035864830017,0
170,0.8899730443954468,0.9918035864830017,0
171,0.8899730443954468,0.9918035864830017,0
172,0.8899730443954468,0.9918035864830017,0
173,0.8899730443954468,0.9918035864830017,0
174,0.8899730443954468,0.9918035864830017,0
175,0.8899730443954468,0.9918035864830017,0
176,0.9304066896438599,0.9932956695556641,0
177,0.9304066896438599,0.9932956695556641,0
178,0.9304066896438599,0.9932956695556641,0
179,0.9304066896438599,0.9932956695556641,0
180,0.9304066896438599,0.9932956695556641,0
181,0.9304066896438599,0.9932956695556641,0
182,0.9304066896438599,0.9932956695556641,0
183,0.9304066896438599,0.9932956695556641,0
184,0.9304066896438599,0.9932956695556641,0
185,0.9304066896438599,0.9932956695556641,0
186,0.9304066896438599,0.9932956695556641,0
187,0.9304066896438599,0.9932956695556641,0
188,0.9304066896438599,0.9932956695556641,1
189,0.9304066896438599,0.9932956695556641,1
190,0.9304066896438599,0.9932956695556641,1
191,0.9304066896438599,0.9932956695556641,1
192,0.9628987312316895,0.9947271943092346,1
193,0.9628987312316895,0.9947271943092346,1
194,0.9628987312316895,0.9947271943092346,1
195,0.9628987312316895,0.9947271943092346,1
196,0.9628987312316895,0.9947271943092346,1
197,0.9628987312316895,0.9947271943092346,1
198,0.9628987312316895,0.9947271943092346,1
199,0.9628987312316895,0.9947271943092346,1
200,0.9628987312316895,0.9947271943092346,1
201,0.9628987312316895,0.9947271943092346,1
202,0.9628987312316895,0.9947271943092346,1
203,0.9628987312316895,0.9947271943092346,1
204,0.9628987312316895,0.9947271943092346,1
205,0.9628987312316895,0.9947271943092346,1
206,0.9628987312316895,0.9947271943092346,1
207,0.9628987312316895,0.9947271943092346,1
208,0.9797160625457764,0.995591938495636,1
209,0.9797160625457764,0.995591938495636,1
210,0.9797160625457764,0.995591938495636,1
211,0.9797160625457764,0.995591938495636,1
212,0.9797160625457764,0.995591938495636,1
213,0.9797160625457764,0.995591938495636,1
214,0.9797160625457764,0.995591938495636,1
215,0.9797160625457764,0.995591938495636,1
216,0.9797160625457764,0.995591938495636,1
217,0.9797160625457764,0.995591938495636,1
218,0.9797160625457764,0.995591938495636,1
219,0.9797160625457764,0.995591938495636,1
220,0.9797160625457764,0.995591938495636,1
221,0.9797160625457764,0.995591938495636,1
222,0.9797160625457764,0.995591938495636,1
223,0.9797160625457764,0.995591938495636,1
224,0.987700343132019,0.9963192939758301,1
225,0.987700343132019,0.9963192939758301,1
226,0.987700343132019,0.9963192939758301,1
227,0.987700343132019,0.9963192939758301,1
228,0.987700343132019,0.9963192939758301,1
229,0.987700343132019,0.9963192939758301,1
230,0.987700343132019,0.9963192939758301,1
231,0.987700343132019,0.9963192939758301,1
232,0.987700343132019,0.9963192939758301,1
233,0.987700343132019,0.9963192939758301,1
234,0.987700343132019,0.9963192939758301,1
235,0.987700343132019,0.9963192939758301,1
236,0.987700343132019,0.9963192939758301,1
237,0.987700343132019,0.9963192939758301,1
238,0.987700343132019,0.9963192939758301,1
239,0.987700343132019,0.9963192939758301,1
240,0.9908134341239929,0.9966011047363281,1
241,0.9908134341239929,0.9966011047363281,1
242,0.9908134341239929,0.9966011047363281,1
243,0.9908134341239929,0.9966011047363281,1
244,0.9908134341239929,0.9966011047363281,1
245,0.9908134341239929,0.9966011047363281,1
246,0.9908134341239929,0.9966011047363281,1
247,0.9908134341239929,0.9966011047363281,1
248,0.9908134341239929,0.9966011047363281,1
249,0.9908134341239929,0.9966011047363281,1
250,0.9908134341239929,0.9966011047363281,1
251,0.9908134341239929,0.9966011047363281,1
252,0.9908134341239929,0.9966011047363281,1
253,0.9908134341239929,0.9966011047363281,1
254,0.9908134341239929,0.9966011047363281,1
255,0.9908134341239929,0.9966011047363281,1
256,0.9922316074371338,0.996772289276123,1
257,0.9922316074371338,0.996772289276123,1
258,0.9922316074371338,0.996772289276123,1
259,0.9922316074371338,0.996772289276123,1
260,0.9922316074371338,0.996772289276123,1
261,0.9922316074371338,0.996772289276123,1
262,0.9922316074371338,0.996772289276123,1
263,0.9922316074371338,0.996772289276123,1
264,0.9922316074371338,0.996772289276123,1
265,0.9922316074371338,0.996772289276123,1
266,0.9922316074371338,0.996772289276123,1
267,0.9922316074371338,0.996772289276123,1
268,0.9922316074371338,0.996772289276123,1
269,0.9922316074371338,0.996772289276123,1
270,0.9922316074371338,0.996772289276123,1
271,0.9922316074371338,0.996772289276123,1
272,0.9918690919876099,0.9966859221458435,1
273,0.9918690919876099,0.9966859221458435,1
274,0.9918690919876099,0.9966859221458435,1
275,0.9918690919876099,0.9966859221458435,1
276,0.9918690919876099,0.9966859221458435,1
277,0.9918690919876099,0.9966859221458435,1
278,0.9918690919876099,0.9966859221458435,1
279,0.9918690919876099,0.9966859221458435,1
280,0.9918690919876099,0.9966859221458435,1
281,0.9918690919876099,0.9966859221458435,1
282,0.9918690919876099,0.9966859221458435,1
283,0.9918690919876099,0.9966859221458435,1
284,0.9918690919876099,0.9966859221458435,1
285,0.9918690919876099,0.9966859221458435,1
286,0.9918690919876099,0.9966859221458435,1
287,0.9918690919876099,0.9966859221458435,1
288,0.9899026155471802,0.9963352084159851,1
289,0.9899026155471802,0.9963352084159851,1
290,0.9899026155471802,0.9963352084159851,1
291,0.9899026155471802,0.9963352084159851,1
292,0.9899026155471802,0.9963352084159851,1
293,0.9899026155471802,0.9963352084159851,1
294,0.9899026155471802,0.9963352084159851,1
295,0.9899026155471802,0.9963352084159851,1
296,0.9899026155471802,0.9963352084159851,1
297,0.9899026155471802,0.9963352084159851,1
298,0.9899026155471802,0.9963352084159851,1
299,0.9899026155471802,0.9963352084159851,1
300,0.9899026155471802,0.9963352084159851,1
301,0.9899026155471802,0.9963352084159851,1
302,0.9899026155471802,0.9963352084159851,1
303,0.9899026155471802,0.9963352084159851,1
304,0.9855880737304688,0.9958145618438721,1
305,0.9855880737304688,0.9958145618438721,1
306,0.9855880737304688,0.9958145618438721,1
307,0.9855880737304688,0.9958145618438721,1
308,0.9855880737304688,0.9958145618438721,1
309,0.9855880737304688,0.9958145618438721,1
310,0.9855880737304688,0.9958145618438721,1
311,0.9855880737304688,0.9958145618438721,1
312,0.9855880737304688,0.9958145618438721,1
313,0.9855880737304688,0.9958145618438721,1
314,0.9855880737304688,0.9958145618438721,1
315,0.9855880737304688,0.9958145618438721,1
316,0.9855880737304688,0.9958145618438721,1
317,0.9855880737304688,0.9958145618438721,1
318,0.9855880737304688,0.9958145618438721,1
319,0.9855880737304688,0.9958145618438721,1
320,0.9797737002372742,0.995286226272583,1
321,0.9797737002372742,0.995286226272583,1
322,0.9797737002372742,0.995286226272583,1
323,0.9797737002372742,0.995286226272583,1
324,0.9797737002372742,0.995286226272583,1
325,0.9797737002372742,0.995286226272583,1
326,0.9797737002372742,0.995286226272583,1
327,0.9797737002372742,0.995286226272583,1
328,0.9797737002372742,0.995286226272583,1
329,0.9797737002372742,0.995286226272583,1
330,0.9797737002372742,0.995286226272583,1
331,0.9797737002372742,0.995286226272583,1
332,0.9797737002372742,0.995286226272583,1
333,0.9797737002372742,0.995286226272583,1
334,0.9797737002372742,0.995286226272583,1
335,0.9797737002372742,0.995286226272583,1
336,0.9725307822227478,0.9944337010383606,1
337,0.9725307822227478,0.9944337010383606,1
338,0.9725307822227478,0.9944337010383606,1
339,0.9725307822227478,0.9944337010383606,1
340,0.9725307822227478,0.9944337010383606,1
341,0.9725307822227478,0.9944337010383606,1
342,0.9725307822227478,0.9944337010383606,1
343,0.9725307822227478,0.9944337010383606,1
344,0.9725307822227478,0.9944337010383606,1
345,0.9725307822227478,0.9944337010383606,1
346,0.9725307822227478,0.9944337010383606,1
347,0.9725307822227478,0.9944337010383606,1
348,0.9725307822227478,0.9944337010383606,1
349,0.9725307822227478,0.9944337010383606,1
350,0.9725307822227478,0.9944337010383606,1
351,0.9725307822227478,0.9944337010383606,1
352,0.9608584046363831,0.9935503602027893,1
353,0.9608584046363831,0.9935503602027893,1
354,0.9608584046363831,0.9935503602027893,1
355,0.9608584046363831,0.9935503602027893,1
356,0.9608584046363831,0.9935503602027893,1
357,0.9608584046363831,0.9935503602027893,1
358,0.9608584046363831,0.9935503602027893,1
359,0.9608584046363831,0.9935503602027893,1
360,0.9608584046363831,0.9935503602027893,1
361,0.9608584046363831,0.9935503602027893,1
362,0.9608584046363831,0.9935503602027893,1
363,0.9608584046363831,0.9935503602027893,1
364,0.9608584046363831,0.9935503602027893,1
365,0.9608584046363831,0.9935503602027893,1
366,0.9608584046363831,0.9935503602027893,1
367,0.9608584046363831,0.9935503602027893,1
368,0.9454426169395447,0.9928848147392273,1
369,0.9454426169395447,0.9928848147392273,1
370,0.9454426169395447,0.9928848147392273,1
371,0.9454426169395447,0.9928848147392273,1
372,0.9454426169395447,0.9928848147392273,1
373,0.9454426169395447,0.9928848147392273,1
374,0.9454426169395447,0.9928848147392273,1
375,0.9454426169395447,0.9928848147392273,1
376,0.9454426169395447,0.9928848147392273,1
377,0.9454426169395447,0.9928848147392273,1
378,0.9454426169395447,0.9928848147392273,1
379,0.9454426169395447,0.9928848147392273,1
380,0.9454426169395447,0.9928848147392273,1
381,0.9454426169395447,0.9928848147392273,1
382,0.9454426169395447,0.9928848147392273,1
383,0.9454426169395447,0.9928848147392273,1
384,0.931117832660675,0.9920037388801575,1
385,0.931117832660675,0.9920037388801575,1
386,0.931117832660675,0.9920037388801575,1
387,0.931117832660675,0.9920037388801575,1
388,0.931117832660675,0.9920037388801575,1
389,0.931117832660675,0.9920037388801575,1
390,0.931117832660675,0.9920037388801575,1
391,0.931117832660675,0.9920037388801575,1
392,0.931117832660675,0.9920037388801575,1
393,0.931117832660675,0.9920037388801575,1
394,0.931117832660675,0.9920037388801575,1
395,0.931117832660675,0.9920037388801575,1
396,0.931117832660675,0.9920037388801575,1
397,0.931117832660675,0.9920037388801575,1
398,0.931117832660675,0.9920037388801575,1
399,0.931117832660675,0.9920037388801575,1
400,0.9000638723373413,0.990955114364624,1
401,0.9000638723373413,0.990955114364624,1
402,0.9000638723373413,0.990955114364624,1
403,0.9000638723373413,0.990955114364624,1
404,0.9000638723373413,0.990955114364624,1
405,0.9000638723373413,0.990955114364624,1
406,0.9000638723373413,0.990955114364624,1
407,0.9000638723373413,0.990955114364624,1
408,0.9000638723373413,0.990955114364624,1
409,0.9000638723373413,0.990955114364624,1
410,0.9000638723373413,0.990955114364624,1
411,0.9000638723373413,0.990955114364624,1
412,0.9000638723373413,0.990955114364624,1
413,0.9000638723373413,0.990955114364624,1
414,0.9000638723373413,0.990955114364624,1
415,0.9000638723373413,0.990955114364624,1
416,0.8502147197723389,0.9894055724143982,1
417,0.8502147197723389,0.9894055724143982,1
418,0.8502147197723389,0.9894055724143982,1
419,0.8502147197723389,0.9894055724143982,1
420,0.8502147197723389,0.9894055724143982,1
421,0.8502147197723389,0.9894055724143982,1
422,0.8502147197723389,0.9894055724143982,1
423,0.8502147197723389,0.9894055724143982,1
424,0.8502147197723389,0.9894055724143982,1
425,0.8502147197723389,0.9894055724143982,1
426,0.8502147197723389,0.9894055724143982,1
427,0.8502147197723389,0.9894055724143982,1
428,0.8502147197723389,0.9894055724143982,1
429,0.8502147197723389,0.9894055724143982,1
430,0.8502147197723389,0.9894055724143982,1
431,0.8502147197723389,0.9894055724143982,1
432,0.8050777912139893,0.9880421161651611,1
433,0.8050777912139893,0.9880421161651611,1
434,0.8050777912139893,0.9880421161651611,1
435,0.8050777912139893,0.9880421161651611,1
436,0.8050777912139893,0.9880421161651611,1
437,0.8050777912139893,0.9880421161651611,1
438,0.8050777912139893,0.9880421161651611,1
439,0.8050777912139893,0.9880421161651611,1
440,0.8050777912139893,0.9880421161651611,1
441,0.8050777912139893,0.9880421161651611,1
442,0.8050777912139893,0.9880421161651611,1
443,0.8050777912139893,0.9880421161651611,1
444,0.8050777912139893,0.9880421161651611,1
445,0.8050777912139893,0.9880421161651611,1
446,0.8050777912139893,0.9880421161651611,1
447,0.8050777912139893,0.9880421161651611,1
448,0.761380136013031,0.9862452149391174,1
449,0.761380136013031,0.9862452149391174,1
450,0.761380136013031,0.9862452149391174,1
451,0.761380136013031,0.9862452149391174,1
452,0.761380136013031,0.9862452149391174,1
453,0.761380136013031,0.9862452149391174,1
454,0.761380136013031,0.9862452149391174,1
455,0.761380136013031,0.9862452149391174,1
456,0.761380136013031,0.9862452149391174,1
457,0.761380136013031,0.9862452149391174,1
458,0.761380136013031,0.9862452149391174,1
459,0.761380136013031,0.9862452149391174,1
460,0.761380136013031,0.9862452149391174,1
461,0.761380136013031,0.9862452149391174,1
462,0.761380136013031,0.9862452149391174,1
463,0.761380136013031,0.9862452149391174,1
464,0.7139071822166443,0.9845086932182312,1
465,0.7139071822166443,0.9845086932182312,1
466,0.7139071822166443,0.9845086932182312,1
467,0.7139071822166443,0.9845086932182312,1
468,0.7139071822166443,0.9845086932182312,1
469,0.7139071822166443,0.9845086932182312,1
470,0.7139071822166443,0.9845086932182312,1
471,0.7139071822166443,0.9845086932182312,1
472,0.7139071822166443,0.9845086932182312,1
473,0.7139071822166443,0.9845086932182312,1
474,0.7139071822166443,0.9845086932182312,1
475,0.7139071822166443,0.9845086932182312,1
476,0.7139071822166443,0.9845086932182312,1
477,0.7139071822166443,0.9845086932182312,1
478,0.7139071822166443,0.9845086932182312,1
479,0.7139071822166443,0.9845086932182312,1
480,0.6824560165405273,0.9824228286743164,1
481,0.6824560165405273,0.9824228286743164,1
482,0.6824560165405273,0.9824228286743164,1
483,0.6824560165405273,0.9824228286743164,1
484,0.6824560165405273,0.9824228286743164,1
485,0.6824560165405273,0.9824228286743164,1
486,0.6824560165405273,0.9824228286743164,1
487,0.6824560165405273,0.9824228286743164,1
488,0.6824560165405273,0.9824228286743164,1
489,0.6824560165405273,0.9824228286743164,1
490,0.6824560165405273,0.9824228286743164,1
491,0.6824560165405273,0.9824228286743164,1
492,0.6824560165405273,0.9824228286743164,1
493,0.6824560165405273,0.9824228286743164,1
494,0.6824560165405273,0.9824228286743164,1
495,0.6824560165405273,0.9824228286743164,1
496,0.6296194791793823,0.978347659111023,1
497,0.6296194791793823,0.978347659111023,1
498,0.6296194791793823,0.978347659111023,1
499,0.6296194791793823,0.978347659111023,1
500,0.6296194791793823,0.978347659111023,1
501,0.6296194791793823,0.978347659111023,1
502,0.6296194791793823,0.978347659111023,1
503,0.6296194791793823,0.978347659111023,1
504,0.6296194791793823,0.978347659111023,1
505,0.6296194791793823,0.978347659111023,1
506,0.6296194791793823,0.978347659111023,1
507,0.6296194791793823,0.978347659111023,1
508,0.6296194791793823,0.978347659111023,1
509,0.6296194791793823,0.978347659111023,1
510,0.6296194791793823,0.978347659111023,1
511,0.6296194791793823,0.978347659111023,1
512,0.6292705535888672,0.9763613343238831,1
513,0.6292705535888672,0.9763613343238831,1
514,0.6292705535888672,0.9763613343238831,1
515,0.6292705535888672,0.9763613343238831,1
516,0.6292705535888672,0.9763613343238831,1
517,0.6292705535888672,0.9763613343238831,1
518,0.6292705535888672,0.9763613343238831,1
519,0.6292705535888672,0.9763613343238831,1
520,0.6292705535888672,0.9763613343238831,1
521,0.6292705535888672,0.9763613343238831,1
522,0.6292705535888672,0.9763613343238831,1
523,0.6292705535888672,0.9763613343238831,1
524,0.6292705535888672,0.9763613343238831,1
525,0.6292705535888672,0.9763613343238831,1
526,0.6292705535888672,0.9763613343238831,1
527,0.6292705535888672,0.9763613343238831,1
528,0.6443526148796082,0.9759101271629333,1
529,0.6443526148796082,0.9759101271629333,1
530,0.6443526148796082,0.9759101271629333,1
531,0.6443526148796082,0.9759101271629333,1
532,0.6443526148796082,0.9759101271629333,1
533,0.6443526148796082,0.9759101271629333,1
534,0.6443526148796082,0.9759101271629333,1
535,0.6443526148796082,0.9759101271629333,1
536,0.6443526148796082,0.9759101271629333,1
537,0.6443526148796082,0.9759101271629333,1
538,0.6443526148796082,0.9759101271629333,1
539,0.6443526148796082,0.9759101271629333,1
540,0.6443526148796082,0.9759101271629333,1
541,0.6443526148796082,0.9759101271629333,1
542,0.6443526148796082,0.9759101271629333,1
543,0.6443526148796082,0.9759101271629333,1
544,0.7004508972167969,0.9784729480743408,1
545,0.7004508972167969,0.9784729480743408,1
546,0.7004508972167969,0.9784729480743408,1
547,0.7004508972167969,0.9784729480743408,1
548,0.7004508972167969,0.9784729480743408,1
549,0.7004508972167969,0.9784729480743408,1
550,0.7004508972167969,0.9784729480743408,1
551,0.7004508972167969,0.9784729480743408,1
552,0.7004508972167969,0.9784729480743408,1
553,0.7004508972167969,0.9784729480743408,1
554,0.7004508972167969,0.9784729480743408,1
555,0.7004508972167969,0.9784729480743408,1
556,0.7004508972167969,0.9784729480743408,1
557,0.7004508972167969,0.9784729480743408,1
558,0.7004508972167969,0.9784729480743408,1
559,0.7004508972167969,0.9784729480743408,1
560,0.7606742978096008,0.9816722273826599,1
561,0.7606742978096008,0.9816722273826599,1
562,0.7606742978096008,0.9816722273826599,1
563,0.7606742978096008,0.9816722273826599,1
564,0.7606742978096008,0.9816722273826599,1
565,0.7606742978096008,0.9816722273826599,1
566,0.7606742978096008,0.9816722273826599,1
567,0.7606742978096008,0.9816722273826599,1
568,0.7606742978096008,0.9816722273826599,1
569,0.7606742978096008,0.9816722273826599,1
570,0.7606742978096008,0.9816722273826599,1
571,0.7606742978096008,0.9816722273826599,1
572,0.7606742978096008,0.9816722273826599,1
573,0.7606742978096008,0.9816722273826599,1
574,0.7606742978096008,0.9816722273826599,1
575,0.7606742978096008,0.9816722273826599,1
576,0.8340770602226257,0.9854179620742798,1
577,0.8340770602226257,0.9854179620742798,1
578,0.8340770602226257,0.9854179620742798,1
579,0.8340770602226257,0.9854179620742798,1
580,0.8340770602226257,0.9854179620742798,1
581,0.8340770602226257,0.9854179620742798,1
582,0.8340770602226257,0.9854179620742798,1
583,0.8340770602226257,0.9854179620742798,1
584,0.8340770602226257,0.9854179620742798,1
585,0.8340770602226257,0.9854179620742798,1
586,0.8340770602226257,0.9854179620742798,1
587,0.8340770602226257,0.9854179620742798,1
588,0.8340770602226257,0.9854179620742798,1
589,0.8340770602226257,0.9854179620742798,1
590,0.8340770602226257,0.9854179620742798,1
591,0.8340770602226257,0.9854179620742798,1
592,0.8818227648735046,0.9875472784042358,1
593,0.8818227648735046,0.9875472784042358,1
594,0.8818227648735046,0.9875472784042358,1
595,0.8818227648735046,0.9875472784042358,1
596,0.8818227648735046,0.9875472784042358,1
597,0.8818227648735046,0.9875472784042358,1
598,0.8818227648735046,0.9875472784042358,1
599,0.8818227648735046,0.9875472784042358,1
600,0.8818227648735046,0.9875472784042358,1
601,0.8818227648735046,0.9875472784042358,1
602,0.8818227648735046,0.9875472784042358,1
603,0.8818227648735046,0.9875472784042358,1
604,0.8818227648735046,0.9875472784042358,1
605,0.8818227648735046,0.9875472784042358,1
606,0.8818227648735046,0.9875472784042358,1
607,0.8818227648735046,0.9875472784042358,1
608,0.9155318140983582,0.9890378713607788,1
609,0.9155318140983582,0.9890378713607788,1
610,0.9155318140983582,0.9890378713607788,1
611,0.9155318140983582,0.9890378713607788,1
612,0.9155318140983582,0.9890378713607788,1
613,0.9155318140983582,0.9890378713607788,1
614,0.9155318140983582,0.9890378713607788,1
615,0.9155318140983582,0.9890378713607788,1
616,0.9155318140983582,0.9890378713607788,1
617,0.9155318140983582,0.9890378713607788,1
618,0.9155318140983582,0.9890378713607788,1
619,0.9155318140983582,0.9890378713607788,1
620,0.9155318140983582,0.9890378713607788,1
621,0.9155318140983582,0.9890378713607788,1
622,0.9155318140983582,0.9890378713607788,1
623,0.9155318140983582,0.9890378713607788,1
624,0.9335774779319763,0.990046501159668,1
625,0.9335774779319763,0.990046501159668,1
626,0.9335774779319763,0.990046501159668,1
627,0.9335774779319763,0.990046501159668,1
628,0.9335774779319763,0.990046501159668,1
629,0.9335774779319763,0.990046501159668,1
630,0.9335774779319763,0.990046501159668,1
631,0.9335774779319763,0.990046501159668,1
632,0.9335774779319763,0.990046501159668,1
633,0.9335774779319763,0.990046501159668,1
634,0.9335774779319763,0.990046501159668,1
635,0.9335774779319763,0.990046501159668,1
636,0.9335774779319763,0.990046501159668,1
637,0.9335774779319763,0.990046501159668,1
638,0.9335774779319763,0.990046501159668,1
639,0.9335774779319763,0.990046501159668,1
640,0.9445587396621704,0.9907253980636597,1
641,0.9445587396621704,0.9907253980636597,1
642,0.9445587396621704,0.9907253980636597,1
643,0.9445587396621704,0.9907253980636597,1
644,0.9445587396621704,0.9907253980636597,1
645,0.9445587396621704,0.9907253980636597,1
646,0.9445587396621704,0.9907253980636597,1
647,0.9445587396621704,0.9907253980636597,1
648,0.9445587396621704,0.9907253980636597,1
649,0.9445587396621704,0.9907253980636597,1
650,0.9445587396621704,0.9907253980636597,1
651,0.9445587396621704,0.9907253980636597,1
652,0.9445587396621704,0.9907253980636597,1
653,0.9445587396621704,0.9907253980636597,1
654,0.9445587396621704,0.9907253980636597,1
655,0.9445587396621704,0.9907253980636597,1
656,0.9476768374443054,0.9910226464271545,1
657,0.9476768374443054,0.9910226464271545,1
658,0.9476768374443054,0.9910226464271545,1
659,0.9476768374443054,0.9910226464271545,1
660,0.9476768374443054,0.9910226464271545,1
661,0.9476768374443054,0.9910226464271545,1
662,0.9476768374443054,0.9910226464271545,1
663,0.9476768374443054,0.9910226464271545,1
664,0.9476768374443054,0.9910226464271545,1
665,0.9476768374443054,0.9910226464271545,1
666,0.9476768374443054,0.9910226464271545,1
667,0.9476768374443054,0.9910226464271545,1
668,0.9476768374443054,0.9910226464271545,1
669,0.9476768374443054,0.9910226464271545,1
670,0.9476768374443054,0.9910226464271545,1
671,0.9476768374443054,0.9910226464271545,1
672,0.9529435634613037,0.9909013509750366,1
673,0.9529435634613037,0.9909013509750366,1
674,0.9529435634613037,0.9909013509750366,1
675,0.9529435634613037,0.9909013509750366,1
676,0.9529435634613037,0.9909013509750366,1
677,0.9529435634613037,0.9909013509750366,1
678,0.9529435634613037,0.9909013509750366,1
679,0.9529435634613037,0.9909013509750366,1
680,0.9529435634613037,0.9909013509750366,1
681,0.9529435634613037,0.9909013509750366,1
682,0.9529435634613037,0.9909013509750366,1
683,0.9529435634613037,0.9909013509750366,1
684,0.9529435634613037,0.9909013509750366,1
685,0.9529435634613037,0.9909013509750366,1
686,0.9529435634613037,0.9909013509750366,1
687,0.9529435634613037,0.9909013509750366,1
688,0.9527238011360168,0.9906911849975586,1
689,0.9527238011360168,0.9906911849975586,1
690,0.9527238011360168,0.9906911849975586,1
691,0.9527238011360168,0.9906911849975586,1
692,0.9527238011360168,0.9906911849975586,1
693,0.9527238011360168,0.9906911849975586,1
694,0.9527238011360168,0.9906911849975586,1
695,0.9527238011360168,0.9906911849975586,1
696,0.9527238011360168,0.9906911849975586,1
697,0.9527238011360168,0.9906911849975586,1
698,0.9527238011360168,0.9906911849975586,1
699,0.9527238011360168,0.9906911849975586,1
700,0.9527238011360168,0.9906911849975586,1
701,0.9527238011360168,0.9906911849975586,1
702,0.9527238011360168,0.9906911849975586,1
703,0.9527238011360168,0.9906911849975586,1
704,0.9513664245605469,0.9906851053237915,1
705,0.9513664245605469,0.9906851053237915,1
706,0.9513664245605469,0.9906851053237915,1
707,0.9513664245605469,0.9906851053237915,1
708,0.9513664245605469,0.9906851053237915,1
709,0.9513664245605469,0.9906851053237915,1
710,0.9513664245605469,0.9906851053237915,1
711,0.9513664245605469,0.9906851053237915,1
712,0.9513664245605469,0.9906851053237915,1
713,0.9513664245605469,0.9906851053237915,1
714,0.9513664245605469,0.9906851053237915,1
715,0.9513664245605469,0.9906851053237915,1
716,0.9513664245605469,0.9906851053237915,1
717,0.9513664245605469,0.9906851053237915,1
718,0.9513664245605469,0.9906851053237915,1
719,0.9513664245605469,0.9906851053237915,1
720,0.9460402727127075,0.9903252124786377,1
721,0.9460402727127075,0.9903252124786377,1
722,0.9460402727127075,0.9903252124786377,1
723,0.9460402727127075,0.9903252124786377,1
724,0.9460402727127075,0.9903252124786377,1
725,0.9460402727127075,0.9903252124786377,1
726,0.9460402727127075,0.9903252124786377,1
727,0.9460402727127075,0.9903252124786377,1
728,0.9460402727127075,0.9903252124786377,1
729,0.9460402727127075,0.9903252124786377,1
730,0.9460402727127075,0.9903252124786377,1
731,0.9460402727127075,0.9903252124786377,1
732,0.9460402727127075,0.9903252124786377,1
733,0.9460402727127075,0.9903252124786377,1
734,0.9460402727127075,0.9903252124786377,1
735,0.9460402727127075,0.9903252124786377,1
736,0.9259758591651917,0.9893061518669128,1
737,0.9259758591651917,0.9893061518669128,1
738,0.9259758591651917,0.9893061518669128,1
739,0.9259758591651917,0.9893061518669128,1
740,0.9259758591651917,0.9893061518669128,1
741,0.9259758591651917,0.9893061518669128,1
742,0.9259758591651917,0.9893061518669128,1
743,0.9259758591651917,0.9893061518669128,1
744,0.9259758591651917,0.9893061518669128,1
745,0.9259758591651917,0.9893061518669128,1
746,0.9259758591651917,0.9893061518669128,1
747,0.9259758591651917,0.9893061518669128,1
748,0.9259758591651917,0.9893061518669128,1
749,0.9259758591651917,0.9893061518669128,1
750,0.9259758591651917,0.9893061518669128,1
751,0.9259758591651917,0.9893061518669128,1
752,0.9001330137252808,0.9881771802902222,1
753,0.9001330137252808,0.9881771802902222,1
754,0.9001330137252808,0.9881771802902222,1
755,0.9001330137252808,0.9881771802902222,1
756,0.9001330137252808,0.9881771802902222,1
757,0.9001330137252808,0.9881771802902222,1
758,0.9001330137252808,0.9881771802902222,1
759,0.9001330137252808,0.9881771802902222,1
760,0.9001330137252808,0.9881771802902222,1
761,0.9001330137252808,0.9881771802902222,1
762,0.9001330137252808,0.9881771802902222,1
763,0.9001330137252808,0.9881771802902222,1
764,0.9001330137252808,0.9881771802902222,1
765,0.9001330137252808,0.9881771802902222,1
766,0.9001330137252808,0.9881771802902222,1
767,0.9001330137252808,0.9881771802902222,1
768,0.8584712147712708,0.9862945079803467,1
769,0.8584712147712708,0.9862945079803467,1
770,0.8584712147712708,0.9862945079803467,1
771,0.8584712147712708,0.9862945079803467,1
772,0.8584712147712708,0.9862945079803467,1
773,0.8584712147712708,0.9862945079803467,1
774,0.8584712147712708,0.9862945079803467,1
775,0.8584712147712708,0.9862945079803467,1
776,0.8584712147712708,0.9862945079803467,1
777,0.8584712147712708,0.9862945079803467,1
778,0.8584712147712708,0.9862945079803467,1
779,0.8584712147712708,0.9862945079803467,1
780,0.8584712147712708,0.9862945079803467,1
781,0.8584712147712708,0.9862945079803467,1
782,0.8584712147712708,0.9862945079803467,1
783,0.8584712147712708,0.9862945079803467,1
784,0.7815402746200562,0.983444094657898,1
785,0.7815402746200562,0.983444094657898,1
786,0.7815402746200562,0.983444094657898,1
787,0.7815402746200562,0.983444094657898,1
788,0.7815402746200562,0.983444094657898,1
789,0.7815402746200562,0.983444094657898,1
790,0.7815402746200562,0.983444094657898,1
791,0.7815402746200562,0.983444094657898,1
792,0.7815402746200562,0.983444094657898,1
793,0.7815402746200562,0.983444094657898,1
794,0.7815402746200562,0.983444094657898,1
795,0.7815402746200562,0.983444094657898,1
796,0.7815402746200562,0.983444094657898,1
797,0.7815402746200562,0.983444094657898,1
798,0.7815402746200562,0.983444094657898,1
799,0.7815402746200562,0.983444094657898,1
800,0.7268045544624329,0.9815820455551147,1
801,0.7268045544624329,0.9815820455551147,1
802,0.7268045544624329,0.9815820455551147,1
803,0.7268045544624329,0.9815820455551147,1
804,0.7268045544624329,0.9815820455551147,1
805,0.7268045544624329,0.9815820455551147,1
806,0.7268045544624329,0.9815820455551147,1
807,0.7268045544624329,0.9815820455551147,1
808,0.7268045544624329,0.9815820455551147,1
809,0.7268045544624329,0.9815820455551147,1
810,0.7268045544624329,0.9815820455551147,1
811,0.7268045544624329,0.9815820455551147,1
812,0.7268045544624329,0.9815820455551147,1
813,0.7268045544624329,0.9815820455551147,1
814,0.7268045544624329,0.9815820455551147,1
815,0.7268045544624329,0.9815820455551147,1
816,0.6633671522140503,0.9793363809585571,1
817,0.6633671522140503,0.9793363809585571,1
818,0.6633671522140503,0.9793363809585571,1
819,0.6633671522140503,0.9793363809585571,1
820,0.6633671522140503,0.9793363809585571,1
821,0.6633671522140503,0.9793363809585571,1
822,0.6633671522140503,0.9793363809585571,1
823,0.6633671522140503,0.9793363809585571,1
824,0.6633671522140503,0.9793363809585571,1
825,0.6633671522140503,0.9793363809585571,1
826,0.6633671522140503,0.9793363809585571,1
827,0.6633671522140503,0.9793363809585571,1
828,0.6633671522140503,0.9793363809585571,1
829,0.6633671522140503,0.9793363809585571,1
830,0.6633671522140503,0.9793363809585571,1
831,0.6633671522140503,0.9793363809585571,1
832,0.6331254839897156,0.9784946441650391,1
833,0.6331254839897156,0.9784946441650391,1
834,0.6331254839897156,0.9784946441650391,1
835,0.6331254839897156,0.9784946441650391,1
836,0.6331254839897156,0.9784946441650391,1
837,0.6331254839897156,0.9784946441650391,1
838,0.6331254839897156,0.9784946441650391,1
839,0.6331254839897156,0.9784946441650391,1
840,0.6331254839897156,0.9784946441650391,1
841,0.6331254839897156,0.9784946441650391,1
842,0.6331254839897156,0.9784946441650391,1
843,0.6331254839897156,0.9784946441650391,1
844,0.6331254839897156,0.9784946441650391,1
845,0.6331254839897156,0.9784946441650391,1
846,0.6331254839897156,0.9784946441650391,1
847,0.6331254839897156,0.9784946441650391,1
848,0.6348764300346375,0.9780073761940002,1
849,0.6348764300346375,0.9780073761940002,1
850,0.6348764300346375,0.9780073761940002,1
851,0.6348764300346375,0.9780073761940002,1
852,0.6348764300346375,0.9780073761940002,1
853,0.6348764300346375,0.9780073761940002,1
854,0.6348764300346375,0.9780073761940002,1
855,0.6348764300346375,0.9780073761940002,1
856,0.6348764300346375,0.9780073761940002,1
857,0.6348764300346375,0.9780073761940002,1
858,0.6348764300346375,0.9780073761940002,1
859,0.6348764300346375,0.9780073761940002,1
860,0.6348764300346375,0.9780073761940002,1
861,0.6348764300346375,0.9780073761940002,1
862,0.6348764300346375,0.9780073761940002,1
863,0.6348764300346375,0.9780073761940002,1
864,0.6530331373214722,0.9785153269767761,1
865,0.6530331373214722,0.9785153269767761,1
866,0.6530331373214722,0.9785153269767761,1
867,0.6530331373214722,0.9785153269767761,1
868,0.6530331373214722,0.9785153269767761,1
869,0.6530331373214722,0.9785153269767761,1
870,0.6530331373214722,0.9785153269767761,1
871,0.6530331373214722,0.9785153269767761,1
872,0.6530331373214722,0.9785153269767761,1
873,0.6530331373214722,0.9785153269767761,1
874,0.6530331373214722,0.9785153269767761,1
875,0.6530331373214722,0.9785153269767761,1
876,0.6530331373214722,0.9785153269767761,1
877,0.6530331373214722,0.9785153269767761,1
878,0.6530331373214722,0.9785153269767761,1
879,0.6530331373214722,0.9785153269767761,1
880,0.6981068253517151,0.9801157116889954,1
881,0.6981068253517151,0.9801157116889954,1
882,0.6981068253517151,0.9801157116889954,1
883,0.6981068253517151,0.9801157116889954,1
884,0.6981068253517151,0.9801157116889954,1
885,0.6981068253517151,0.9801157116889954,1
886,0.6981068253517151,0.9801157116889954,1
887,0.6981068253517151,0.9801157116889954,1
888,0.6981068253517151,0.9801157116889954,1
889,0.6981068253517151,0.9801157116889954,1
890,0.6981068253517151,0.9801157116889954,1
891,0.6981068253517151,0.9801157116889954,1
892,0.6981068253517151,0.9801157116889954,1
893,0.6981068253517151,0.9801157116889954,1
894,0.6981068253517151,0.9801157116889954,1
895,0.6981068253517151,0.9801157116889954,1
896,0.7442981600761414,0.9820845723152161,1
897,0.7442981600761414,0.9820845723152161,1
898,0.7442981600761414,0.9820845723152161,1
899,0.7442981600761414,0.9820845723152161,1
900,0.7442981600761414,0.9820845723152161,1
901,0.7442981600761414,0.9820845723152161,1
902,0.7442981600761414,0.9820845723152161,1
903,0.7442981600761414,0.9820845723152161,1
904,0.7442981600761414,0.9820845723152161,1
905,0.7442981600761414,0.9820845723152161,1
906,0.7442981600761414,0.9820845723152161,1
907,0.7442981600761414,0.9820845723152161,1
908,0.7442981600761414,0.9820845723152161,1
909,0.7442981600761414,0.9820845723152161,1
910,0.7442981600761414,0.9820845723152161,1
911,0.7442981600761414,0.9820845723152161,1
912,0.7851343750953674,0.9836157560348511,1
913,0.7851343750953674,0.9836157560348511,1
914,0.7851343750953674,0.9836157560348511,1
915,0.7851343750953674,0.9836157560348511,1
916,0.7851343750953674,0.9836157560348511,1
917,0.7851343750953674,0.9836157560348511,1
918,0.7851343750953674,0.9836157560348511,1
919,0.7851343750953674,0.9836157560348511,1
920,0.7851343750953674,0.9836157560348511,1
921,0.7851343750953674,0.9836157560348511,1
922,0.7851343750953674,0.9836157560348511,1
923,0.7851343750953674,0.9836157560348511,1
924,0.7851343750953674,0.9836157560348511,1
925,0.7851343750953674,0.9836157560348511,1
926,0.7851343750953674,0.9836157560348511,1
927,0.7851343750953674,0.9836157560348511,1
928,0.8214111328125,0.9853774905204773,1
929,0.8214111328125,0.9853774905204773,1
930,0.8214111328125,0.9853774905204773,1
931,0.8214111328125,0.9853774905204773,1
932,0.8214111328125,0.9853774905204773,1
933,0.8214111328125,0.9853774905204773,1
934,0.8214111328125,0.9853774905204773,1
935,0.8214111328125,0.9853774905204773,1
936,0.8214111328125,0.9853774905204773,1
937,0.8214111328125,0.9853774905204773,1
938,0.8214111328125,0.9853774905204773,1
939,0.8214111328125,0.9853774905204773,1
940,0.8214111328125,0.9853774905204773,1
941,0.8214111328125,0.9853774905204773,1
942,0.8214111328125,0.9853774905204773,1
943,0.8214111328125,0.9853774905204773,1
944,0.8498886227607727,0.9870899319648743,1
945,0.8498886227607727,0.9870899319648743,1
946,0.8498886227607727,0.9870899319648743,1
947,0.8498886227607727,0.9870899319648743,1
948,0.8498886227607727,0.9870899319648743,1
949,0.8498886227607727,0.9870899319648743,1
950,0.8498886227607727,0.9870899319648743,1
951,0.8498886227607727,0.9870899319648743,1
952,0.8498886227607727,0.9870899319648743,1
953,0.8498886227607727,0.9870899319648743,1
954,0.8498886227607727,0.9870899319648743,1
955,0.8498886227607727,0.9870899319648743,1
956,0.8498886227607727,0.9870899319648743,1
957,0.8498886227607727,0.9870899319648743,1
958,0.8498886227607727,0.9870899319648743,1
959,0.8498886227607727,0.9870899319648743,1
960,0.8862702250480652,0.9891389608383179,1
961,0.8862702250480652,0.9891389608383179,1
962,0.8862702250480652,0.9891389608383179,1
963,0.8862702250480652,0.9891389608383179,1
964,0.8862702250480652,0.9891389608383179,1
965,0.8862702250480652,0.9891389608383179,1
966,0.8862702250480652,0.9891389608383179,1
967,0.8862702250480652,0.9891389608383179,1
968,0.8862702250480652,0.9891389608383179,1
969,0.8862702250480652,0.9891389608383179,1
970,0.8862702250480652,0.9891389608383179,1
971,0.8862702250480652,0.9891389608383179,1
972,0.8862702250480652,0.9891389608383179,1
973,0.8862702250480652,0.9891389608383179,1
974,0.8862702250480652,0.9891389608383179,1
975,0.8862702250480652,0.9891389608383179,1
976,0.9096194505691528,0.990871787071228,1
977,0.9096194505691528,0.990871787071228,1
978,0.9096194505691528,0.990871787071228,1
979,0.9096194505691528,0.990871787071228,1
980,0.9096194505691528,0.990871787071228,1
981,0.9096194505691528,0.990871787071228,1
982,0.9096194505691528,0.990871787071228,1
983,0.9096194505691528,0.990871787071228,1
984,0.9096194505691528,0.990871787071228,1
985,0.9096194505691528,0.990871787071228,1
986,0.9096194505691528,0.990871787071228,1
987,0.9096194505691528,0.990871787071228,1
988,0.9096194505691528,0.990871787071228,1
989,0.9096194505691528,0.990871787071228,1
990,0.9096194505691528,0.990871787071228,1
991,0.9096194505691528,0.990871787071228,1
992,0.9299200773239136,0.9921953082084656,1
993,0.9299200773239136,0.9921953082084656,1
994,0.9299200773239136,0.9921953082084656,1
995,0.9299200773239136,0.9921953082084656,1
996,0.9299200773239136,0.9921953082084656,1
997,0.9299200773239136,0.9921953082084656,1
998,0.9299200773239136,0.9921953082084656,1
999,0.9299200773239136,0.9921953082084656,1
1000,0.9299200773239136,0.9921953082084656,1
1001,0.9299200773239136,0.9921953082084656,1
1002,0.9299200773239136,0.9921953082084656,1
1003,0.9299200773239136,0.9921953082084656,1
1004,0.9299200773239136,0.9921953082084656,1
1005,0.9299200773239136,0.9921953082084656,1
1006,0.9299200773239136,0.9921953082084656,1
1007,0.9299200773239136,0.9921953082084656,1
1008,0.9398718476295471,0.9932829737663269,1
1009,0.9398718476295471,0.9932829737663269,1
1010,0.9398718476295471,0.9932829737663269,1
1011,0.9398718476295471,0.9932829737663269,1
1012,0.9398718476295471,0.9932829737663269,1
1013,0.9398718476295471,0.9932829737663269,1
1014,0.9398718476295471,0.9932829737663269,1
1015,0.9398718476295471,0.9932829737663269,1
1016,0.9398718476295471,0.9932829737663269,1
1017,0.9398718476295471,0.9932829737663269,1
1018,0.9398718476295471,0.9932829737663269,1
1019,0.9398718476295471,0.9932829737663269,1
1020,0.9398718476295471,0.9932829737663269,1
1021,0.9398718476295471,0.9932829737663269,1
1022,0.9398718476295471,0.9932829737663269,1
1023,0.9398718476295471,0.9932829737663269,1
1024,0.9484100341796875,0.9939206838607788,1
1025,0.9484100341796875,0.9939206838607788,1
1026,0.9484100341796875,0.9939206838607788,1
1027,0.9484100341796875,0.9939206838607788,1
1028,0.9484100341796875,0.9939206838607788,1
1029,0.9484100341796875,0.9939206838607788,1
1030,0.9484100341796875,0.9939206838607788,1
1031,0.9484100341796875,0.9939206838607788,1
1032,0.9484100341796875,0.9939206838607788,1
1033,0.9484100341796875,0.9939206838607788,1
1034,0.9484100341796875,0.9939206838607788,1
1035,0.9484100341796875,0.9939206838607788,1
1036,0.9484100341796875,0.9939206838607788,1
1037,0.9484100341796875,0.9939206838607788,1
1038,0.9484100341796875,0.9939206838607788,1
1039,0.9484100341796875,0.9939206838607788,1
1040,0.9467544555664062,0.9944258332252502,1
1041,0.9467544555664062,0.9944258332252502,1
1042,0.9467544555664062,0.9944258332252502,1
1043,0.9467544555664062,0.9944258332252502,1
1044,0.9467544555664062,0.9944258332252502,1
1045,0.9467544555664062,0.9944258332252502,1
1046,0.9467544555664062,0.9944258332252502,1
1047,0.9467544555664062,0.9944258332252502,1
1048,0.9467544555664062,0.9944258332252502,1
1049,0.9467544555664062,0.9944258332252502,1
1050,0.9467544555664062,0.9944258332252502,1
1051,0.9467544555664062,0.9944258332252502,1
1052,0.9467544555664062,0.9944258332252502,1
1053,0.9467544555664062,0.9944258332252502,1
1054,0.9467544555664062,0.9944258332252502,1
1055,0.9467544555664062,0.9944258332252502,1
1056,0.9322905540466309,0.9940701723098755,1
1057,0.9322905540466309,0.9940701723098755,1
1058,0.9322905540466309,0.9940701723098755,1
1059,0.9322905540466309,0.9940701723098755,1
1060,0.9322905540466309,0.9940701723098755,1
1061,0.9322905540466309,0.9940701723098755,1
1062,0.9322905540466309,0.9940701723098755,1
1063,0.9322905540466309,0.9940701723098755,1
1064,0.9322905540466309,0.9940701723098755,1
1065,0.9322905540466309,0.9940701723098755,1
1066,0.9322905540466309,0.9940701723098755,1
1067,0.9322905540466309,0.9940701723098755,1
1068,0.9322905540466309,0.9940701723098755,1
1069,0.9322905540466309,0.9940701723098755,1
1070,0.9322905540466309,0.9940701723098755,1
1071,0.9322905540466309,0.9940701723098755,1
1072,0.9114043712615967,0.9935284852981567,1
1073,0.9114043712615967,0.9935284852981567,1
1074,0.9114043712615967,0.9935284852981567,1
1075,0.9114043712615967,0.9935284852981567,1
1076,0.9114043712615967,0.9935284852981567,1
1077,0.9114043712615967,0.9935284852981567,1
1078,0.9114043712615967,0.9935284852981567,1
1079,0.9114043712615967,0.9935284852981567,1
1080,0.9114043712615967,0.9935284852981567,1
1081,0.9114043712615967,0.9935284852981567,1
1082,0.9114043712615967,0.9935284852981567,1
1083,0.9114043712615967,0.9935284852981567,1
1084,0.9114043712615967,0.9935284852981567,1
1085,0.9114043712615967,0.9935284852981567,1
1086,0.9114043712615967,0.9935284852981567,1
1087,0.9114043712615967,0.9935284852981567,1
1088,0.8745875954627991,0.9929596781730652,1
1089,0.8745875954627991,0.9929596781730652,1
1090,0.8745875954627991,0.9929596781730652,1
1091,0.8745875954627991,0.9929596781730652,1
1092,0.8745875954627991,0.9929596781730652,1
1093,0.8745875954627991,0.9929596781730652,1
1094,0.8745875954627991,0.9929596781730652,1
1095,0.8745875954627991,0.9929596781730652,1
1096,0.8745875954627991,0.9929596781730652,1
1097,0.8745875954627991,0.9929596781730652,1
1098,0.8745875954627991,0.9929596781730652,1
1099,0.8745875954627991,0.9929596781730652,1
1100,0.8745875954627991,0.9929596781730652,1
1101,0.8745875954627991,0.9929596781730652,1
1102,0.8745875954627991,0.9929596781730652,1
1103,0.8745875954627991,0.9929596781730652,1
1104,0.829846203327179,0.9923770427703857,1
1105,0.829846203327179,0.9923770427703857,1
1106,0.829846203327179,0.9923770427703857,1
1107,0.829846203327179,0.9923770427703857,1
1108,0.829846203327179,0.9923770427703857,1
1109,0.829846203327179,0.9923770427703857,1
1110,0.829846203327179,0.9923770427703857,1
1111,0.829846203327179,0.9923770427703857,1
1112,0.829846203327179,0.9923770427703857,1
1113,0.829846203327179,0.9923770427703857,1
1114,0.829846203327179,0.9923770427703857,1
1115,0.829846203327179,0.9923770427703857,1
1116,0.829846203327179,0.9923770427703857,1
1117,0.829846203327179,0.9923770427703857,1
1118,0.829846203327179,0.9923770427703857,1
1119,0.829846203327179,0.9923770427703857,1
1120,0.7580970525741577,0.9912900924682617,1
1121,0.7580970525741577,0.9912900924682617,1
1122,0.7580970525741577,0.9912900924682617,1
1123,0.7580970525741577,0.9912900924682617,1
1124,0.7580970525741577,0.9912900924682617,1
1125,0.7580970525741577,0.9912900924682617,1
1126,0.7580970525741577,0.9912900924682617,1
1127,0.7580970525741577,0.9912900924682617,1
1128,0.7580970525741577,0.9912900924682617,1
1129,0.7580970525741577,0.9912900924682617,1
1130,0.7580970525741577,0.9912900924682617,1
1131,0.7580970525741577,0.9912900924682617,1
1132,0.7580970525741577,0.9912900924682617,1
1133,0.7580970525741577,0.9912900924682617,1
1134,0.7580970525741577,0.9912900924682617,1
1135,0.7580970525741577,0.9912900924682617,1
1136,0.68178391456604,0.990225076675415,1
1137,0.68178391456604,0.990225076675415,1
1138,0.68178391456604,0.990225076675415,1
1139,0.68178391456604,0.990225076675415,1
1140,0.68178391456604,0.990225076675415,1
1141,0.68178391456604,0.990225076675415,1
1142,0.68178391456604,0.990225076675415,1
1143,0.68178391456604,0.990225076675415,1
1144,0.68178391456604,0.990225076675415,1
1145,0.68178391456604,0.990225076675415,1
1146,0.68178391456604,0.990225076675415,1
1147,0.68178391456604,0.990225076675415,1
1148,0.68178391456604,0.990225076675415,1
1149,0.68178391456604,0.990225076675415,1
1150,0.68178391456604,0.990225076675415,1
1151,0.68178391456604,0.990225076675415,1
1152,0.5816437602043152,0.9881040453910828,1
1153,0.5816437602043152,0.9881040453910828,1
1154,0.5816437602043152,0.9881040453910828,1
1155,0.5816437602043152,0.9881040453910828,1
1156,0.5816437602043152,0.9881040453910828,1
1157,0.5816437602043152,0.9881040453910828,1
1158,0.5816437602043152,0.9881040453910828,1
1159,0.5816437602043152,0.9881040453910828,1
1160,0.5816437602043152,0.9881040453910828,1
1161,0.5816437602043152,0.9881040453910828,1
1162,0.5816437602043152,0.9881040453910828,1
1163,0.5816437602043152,0.9881040453910828,1
1164,0.5816437602043152,0.9881040453910828,1
1165,0.5816437602043152,0.9881040453910828,1
1166,0.5816437602043152,0.9881040453910828,1
1167,0.5816437602043152,0.9881040453910828,1
1168,0.5064001083374023,0.9858488440513611,1
1169,0.5064001083374023,0.9858488440513611,1
1170,0.5064001083374023,0.9858488440513611,1
1171,0.5064001083374023,0.9858488440513611,1
1172,0.5064001083374023,0.9858488440513611,1
1173,0.5064001083374023,0.9858488440513611,1
1174,0.5064001083374023,0.9858488440513611,1
1175,0.5064001083374023,0.9858488440513611,1
1176,0.5064001083374023,0.9858488440513611,1
1177,0.5064001083374023,0.9858488440513611,1
1178,0.5064001083374023,0.9858488440513611,1
1179,0.5064001083374023,0.9858488440513611,1
1180,0.5064001083374023,0.9858488440513611,1
1181,0.5064001083374023,0.9858488440513611,1
1182,0.5064001083374023,0.9858488440513611,1
1183,0.5064001083374023,0.9858488440513611,1
1184,0.416422039270401,0.9806414842605591,1
1185,0.416422039270401,0.9806414842605591,1
1186,0.416422039270401,0.9806414842605591,1
1187,0.416422039270401,0.9806414842605591,1
1188,0.416422039270401,0.9806414842605591,1
1189,0.416422039270401,0.9806414842605591,1
1190,0.416422039270401,0.9806414842605591,0
1191,0.416422039270401,0.9806414842605591,0
1192,0.416422039270401,0.9806414842605591,0
1193,0.416422039270401,0.9806414842605591,0
1194,0.416422039270401,0.9806414842605591,0
1195,0.416422039270401,0.9806414842605591,0
1196,0.416422039270401,0.9806414842605591,0
1197,0.416422039270401,0.9806414842605591,0
1198,0.416422039270401,0.9806414842605591,0
1199,0.416422039270401,0.9806414842605591,0
