experiment,ablation_type,variant,seed,checkpoint,branch1_auc,branch1_ap,branch2_auc,branch2_ap,mAP@0.1,mAP@0.2,mAP@0.3,mAP@0.4,mAP@0.5,average_mAP,seed_count,seeds,branch1_auc_mean,branch1_auc_std,branch1_auc_variance,branch1_auc_ci95_low,branch1_auc_ci95_high,branch1_auc_ci95_half_width,branch1_ap_mean,branch1_ap_std,branch1_ap_variance,branch1_ap_ci95_low,branch1_ap_ci95_high,branch1_ap_ci95_half_width,branch2_auc_mean,branch2_auc_std,branch2_auc_variance,branch2_auc_ci95_low,branch2_auc_ci95_high,branch2_auc_ci95_half_width,branch2_ap_mean,branch2_ap_std,branch2_ap_variance,branch2_ap_ci95_low,branch2_ap_ci95_high,branch2_ap_ci95_half_width,mAP@0.1_mean,mAP@0.1_std,mAP@0.1_variance,mAP@0.1_ci95_low,mAP@0.1_ci95_high,mAP@0.1_ci95_half_width,mAP@0.2_mean,mAP@0.2_std,mAP@0.2_variance,mAP@0.2_ci95_low,mAP@0.2_ci95_high,mAP@0.2_ci95_half_width,mAP@0.3_mean,mAP@0.3_std,mAP@0.3_variance,mAP@0.3_ci95_low,mAP@0.3_ci95_high,mAP@0.3_ci95_half_width,mAP@0.4_mean,mAP@0.4_std,mAP@0.4_variance,mAP@0.4_ci95_low,mAP@0.4_ci95_high,mAP@0.4_ci95_half_width,mAP@0.5_mean,mAP@0.5_std,mAP@0.5_variance,mAP@0.5_ci95_low,mAP@0.5_ci95_high,mAP@0.5_ci95_half_width,average_mAP_mean,average_mAP_std,average_mAP_variance,average_mAP_ci95_low,average_mAP_ci95_high,average_mAP_ci95_half_width
xd_ablation,adapter_train,baseline,234,,0.9037436124876945,0.7463804810215691,0.917015156667613,0.7385253124873391,28.129260448290005,21.23212368386886,14.6009783820617,9.907909780866762,6.019039756678295,15.977862410353122,,,,,,,,,,,,,,,,,,,,,,,,,,,,,,,,,,,,,,,,,,,,,,,,,,,,,,,,,,,,,,
xd_ablation,adapter_train,baseline,235,,0.8820413928325406,0.7063371514623408,0.906070716790315,0.7445558623282758,28.14605133272653,20.210890961300247,14.17532014821986,10.06035211793386,6.369352267040405,15.792393365444179,,,,,,,,,,,,,,,,,,,,,,,,,,,,,,,,,,,,,,,,,,,,,,,,,,,,,,,,,,,,,,
xd_ablation,adapter_train,baseline,236,,0.8828496812285587,0.7000942751105456,0.9045502724464927,0.7357741124878454,28.229457339705487,20.44101359685291,14.59363782745316,10.691366215763853,6.93911401258585,16.17891779847225,,,,,,,,,,,,,,,,,,,,,,,,,,,,,,,,,,,,,,,,,,,,,,,,,,,,,,,,,,,,,,
xd_ablation,adapter_train,baseline,237,,0.8761806194617063,0.6930575582685384,0.9095492295492339,0.7562260835934621,28.358783843195983,20.62569931368308,14.38193717498401,10.166532239154446,6.704210470613339,16.04743260832617,,,,,,,,,,,,,,,,,,,,,,,,,,,,,,,,,,,,,,,,,,,,,,,,,,,,,,,,,,,,,,
xd_ablation,adapter_train,baseline,238,,0.8802901525225243,0.7028688889662258,0.9093269966576065,0.763467359551599,27.757703368788633,19.901269721617858,14.861373459268586,10.834237115052968,7.1033129399240735,16.091579320930425,,,,,,,,,,,,,,,,,,,,,,,,,,,,,,,,,,,,,,,,,,,,,,,,,,,,,,,,,,,,,,
xd_ablation,adapter_train_summary,baseline,,,,,,,,,,,,,5,"234,235,236,237,238",0.8850210917066049,0.010778011740563437,0.0001161655370797233,0.8716405679958462,0.8984016154173636,0.01338052371075866,0.7097476709658439,0.0210514843363166,0.0004431649927621831,0.6836129912040251,0.7358823507276627,0.02613467976181881,0.9093024744222522,0.004810785743010685,2.3143659465154866e-05,0.9033300525831228,0.9152748962613816,0.0059724218391294034,0.7477097460897043,0.011806677552841397,0.00013939763483676894,0.7330521698368863,0.7623673223425224,0.014657576252818012,28.12425126654133,0.22412694141785183,0.05023288586932119,27.846005526413325,28.402497006669332,0.2782457401280034,20.482199455464592,0.4989394971534638,0.2489406218197513,19.86278356201457,21.101615348914613,0.6194158934500218,14.522649398397464,0.2580437530737691,0.06658657850039632,14.20229712568448,14.843001671110448,0.3203522727129839,10.332079493754378,0.4069431258934149,0.16560270771190372,9.826873869932852,10.837285117575904,0.5052056238215262,6.627005889368393,0.437678147143957,0.19156216048736727,6.083643814200113,7.1703679645366725,0.5433620751682798,16.01763710070523,0.145502108185237,0.021170863486348415,15.837001334535971,16.198272866874486,0.1806357661692581
xd_ablation,adapter_train,global_tf,234,,0.9228777685923188,0.7692592019423501,0.9273825473122752,0.7890806524221097,30.066238705053866,22.914089600984468,17.77944906255579,13.371327652365753,10.076278144372681,18.84147663306651,,,,,,,,,,,,,,,,,,,,,,,,,,,,,,,,,,,,,,,,,,,,,,,,,,,,,,,,,,,,,,
xd_ablation,adapter_train,global_tf,235,,0.9229299535456479,0.7660147311355746,0.9242586049096008,0.7690458605081373,30.14872437567802,23.233557260992807,17.411055768182507,12.951771315250985,9.337878504702976,18.616597444961457,,,,,,,,,,,,,,,,,,,,,,,,,,,,,,,,,,,,,,,,,,,,,,,,,,,,,,,,,,,,,,
xd_ablation,adapter_train,global_tf,236,,0.9275666348096521,0.7866937261333848,0.927929446878755,0.7888124094850752,28.48349976963466,22.536657522987984,16.316146370155135,12.673392415713089,8.737587694122544,17.74945675452268,,,,,,,,,,,,,,,,,,,,,,,,,,,,,,,,,,,,,,,,,,,,,,,,,,,,,,,,,,,,,,
xd_ablation,adapter_train,global_tf,237,,0.9307632438534938,0.7964400764018094,0.9308711473705623,0.8007015891627256,31.038041544436673,23.55645450458924,18.41680425390148,13.72590746410191,10.262168189575805,19.399875191321023,,,,,,,,,,,,,,,,,,,,,,,,,,,,,,,,,,,,,,,,,,,,,,,,,,,,,,,,,,,,,,
xd_ablation,adapter_train,global_tf,238,,0.9329461991683865,0.803615634099877,0.9336095661309425,0.8165435681007633,30.243860829643012,23.31705773132225,18.448854803343277,12.765047926088913,9.40754108218793,18.836472474517077,,,,,,,,,,,,,,,,,,,,,,,,,,,,,,,,,,,,,,,,,,,,,,,,,,,,,,,,,,,,,,
xd_ablation,adapter_train_summary,global_tf,,,,,,,,,,,,,5,"234,235,236,237,238",0.9274167599938998,0.004542300884875671,2.0632497328742307e-05,0.9217776526933634,0.9330558672944362,0.005639107300536459,0.7844046739425992,0.016482771164217074,0.0002716817452519459,0.7639418914099197,0.8048674564752786,0.020462782532679462,0.9288102625204272,0.0035641392869744343,1.270308885695463e-05,0.9243855085504232,0.9332350164904312,0.0044247539700040086,0.7928368159357623,0.017465529822375897,0.00030504473197630187,0.7711539729834084,0.8145196588881162,0.02168284295235387,29.996073044889247,0.9304838394613051,0.8658001754986518,28.84090997993058,31.151236109847915,1.1551630649586662,23.11156332417535,0.39514275458013254,0.15613779649717485,22.621007447631317,23.602119200719383,0.4905558765440309,17.67446205162764,0.876952494771326,0.7690456780856526,16.585756274351944,18.763167828903335,1.0887057772756954,13.09748935470413,0.4420141393747099,0.19537649940716545,12.548744297196455,13.646234412211806,0.5487450575076758,9.564290722992387,0.6140917924956666,0.3771087296105408,8.801917291986921,10.326664153997854,0.7623734310054671,18.68877569967775,0.599650769313311,0.35958104513804573,17.9443302926669,19.433221106688595,0.7444454070108464
xd_ablation,adapter_train,local_tf,234,,0.9289113097493775,0.7797881807332212,0.9333897480963211,0.8018118017689675,32.56265476957332,24.215100122291773,19.70510092815725,14.578087184164332,10.964662155045026,20.405121031846342,,,,,,,,,,,,,,,,,,,,,,,,,,,,,,,,,,,,,,,,,,,,,,,,,,,,,,,,,,,,,,
xd_ablation,adapter_train,local_tf,235,,0.9259407736083394,0.7790718444611602,0.9292944957361147,0.7952684938192189,28.956751701468992,23.542722502101164,18.29467455819975,13.664330664551386,9.369891227676927,18.765674130799646,,,,,,,,,,,,,,,,,,,,,,,,,,,,,,,,,,,,,,,,,,,,,,,,,,,,,,,,,,,,,,
xd_ablation,adapter_train,local_tf,236,,0.9228203741459311,0.7611275743290509,0.9302224430107249,0.7901820093174308,34.64001610665721,28.785142512778233,21.360019906548462,16.763259479156936,12.418929002194277,22.793473401467022,,,,,,,,,,,,,,,,,,,,,,,,,,,,,,,,,,,,,,,,,,,,,,,,,,,,,,,,,,,,,,
xd_ablation,adapter_train,local_tf,237,,0.9303815906750257,0.7873364528192892,0.9365076994376766,0.8174947109855308,33.1737027359706,26.041547513771217,20.372817817288272,15.84914976400644,11.439941711113894,21.375431908430084,,,,,,,,,,,,,,,,,,,,,,,,,,,,,,,,,,,,,,,,,,,,,,,,,,,,,,,,,,,,,,
xd_ablation,adapter_train,local_tf,238,,0.9263554996171128,0.76889415991066,0.933678717166248,0.8071271600754287,31.54672865730486,25.405206943092146,20.315744226774942,14.770900452172937,10.589613588105776,20.525638773490133,,,,,,,,,,,,,,,,,,,,,,,,,,,,,,,,,,,,,,,,,,,,,,,,,,,,,,,,,,,,,,
xd_ablation,adapter_train_summary,local_tf,,,,,,,,,,,,,5,"234,235,236,237,238",0.9268819095591573,0.002916553928128511,8.506286815681847e-06,0.9232611101085353,0.9305027090097793,0.0036207994506220267,0.7752436424506763,0.010260644828495945,0.00010528083229654057,0.7625054116229387,0.787981873278414,0.012738230827737623,0.932618620689417,0.002899777995858584,8.408712425265626e-06,0.9290186479705625,0.9362185934082715,0.0035999727188545123,0.8023768351933154,0.010614580926241811,0.00011266932823973647,0.7891992051088337,0.8155544652777971,0.013177630084481648,32.175970794194996,2.119895637769133,4.4939575150326,29.544194681097082,34.80774690729291,2.6317761130979154,25.597943918806905,2.0327542034104913,4.13208965148302,23.074350841383097,28.121536996230713,2.5235930774238073,20.009671487393735,1.1272726294601818,1.2707435811300722,18.61020203884842,21.40914093593905,1.3994694485453132,15.125145508810405,1.2006604350638228,1.4415854803276482,13.634567672503332,16.61572334511748,1.490577836307074,10.95660753682718,1.1207602412093944,1.2561035182757398,9.565222989978102,12.347992083676258,1.3913845468490778,20.773067849206644,1.4723379880367211,2.16777915101602,18.945211855597737,22.60092384281555,1.827855993608907
xd_ablation,adapter_train,only_gcn,234,,0.9331025034408803,0.7865833400963648,0.9325781419371488,0.7876195551967866,36.70969919478583,31.638374364049593,25.001578590086254,18.810591142189022,13.383622528969777,25.108773164016096,,,,,,,,,,,,,,,,,,,,,,,,,,,,,,,,,,,,,,,,,,,,,,,,,,,,,,,,,,,,,,
xd_ablation,adapter_train,only_gcn,235,,0.9275260623176251,0.7568839702793381,0.933082799332271,0.792917615429422,35.949876263065164,31.043971777597797,24.20780855957762,18.874893293829228,13.951483742275187,24.805606727268998,,,,,,,,,,,,,,,,,,,,,,,,,,,,,,,,,,,,,,,,,,,,,,,,,,,,,,,,,,,,,,
xd_ablation,adapter_train,only_gcn,236,,0.928485380830956,0.7541781537076667,0.9319732922380556,0.7688003538673118,36.60284850478991,31.100355131303058,24.50045015478784,19.12507976008935,13.23602011840659,24.91295073387535,,,,,,,,,,,,,,,,,,,,,,,,,,,,,,,,,,,,,,,,,,,,,,,,,,,,,,,,,,,,,,
xd_ablation,adapter_train,only_gcn,237,,0.9320699976223625,0.7877200052013149,0.9346856663279537,0.7994718946746553,36.36220314368409,29.963391622389896,23.60114197003156,17.892238153318228,12.629077968945365,24.08961057167383,,,,,,,,,,,,,,,,,,,,,,,,,,,,,,,,,,,,,,,,,,,,,,,,,,,,,,,,,,,,,,
xd_ablation,adapter_train,only_gcn,238,,0.9352447705320649,0.7953666099659326,0.9320956000162022,0.7903862372897955,34.85404153298643,28.709112489139226,22.39701055417221,16.402387474692144,11.729789832092088,22.81846837661642,,,,,,,,,,,,,,,,,,,,,,,,,,,,,,,,,,,,,,,,,,,,,,,,,,,,,,,,,,,,,,
xd_ablation,adapter_train_summary,only_gcn,,,,,,,,,,,,,5,"234,235,236,237,238",0.9312857429487778,0.0032236159791113462,1.0391699980782004e-05,0.9272837367271158,0.9352877491704397,0.004002006221661898,0.7761464158501235,0.01914379514991961,0.00036648489274208553,0.7523800653317472,0.7999127663684997,0.023766350518376327,0.9328830999703263,0.0010988665749598256,1.2075077495639382e-06,0.9315188956425583,0.9342473042980942,0.001364204327767921,0.7878391312915942,0.011512202151448951,0.00013253079837582585,0.7735471359256236,0.8021311266575648,0.014291995365970618,36.09573372786228,0.7530270327109908,0.5670497119935196,35.160877067045085,37.03059038867948,0.9348566608171941,30.491041076895915,1.1669461306325,1.3617632717981638,29.042318367554167,31.939763786237663,1.4487227093417485,23.941597965731095,1.0010498651980242,1.0021008326129826,22.698829653786976,25.184366277675213,1.2427683119441193,18.221037964823594,1.1189269669084074,1.2519975572748483,16.831929363746625,19.610146565900564,1.3891086010769684,12.985998838137801,0.8453150173087406,0.7145574784876765,11.936569879956997,14.035427796318606,1.049428958180805,24.34708191469014,0.9372268835283637,0.878394231208289,23.183547596925877,25.510616232454403,1.1635343177642647
xd_ablation,adapter_train,local_global_tf,234,,0.9329427066010495,0.7857204004075932,0.9311660222891229,0.7939537804041316,28.12009028910694,21.42226249121648,15.74455638470387,11.082374950049013,7.813785121767642,16.83661384736879,,,,,,,,,,,,,,,,,,,,,,,,,,,,,,,,,,,,,,,,,,,,,,,,,,,,,,,,,,,,,,
xd_ablation,adapter_train,local_global_tf,235,,0.932590059248387,0.7877171692216781,0.9305654819219907,0.7857698079008014,27.318022807242702,20.81948062801322,14.924027542385062,10.67911081583517,6.857882794315725,16.119704917558376,,,,,,,,,,,,,,,,,,,,,,,,,,,,,,,,,,,,,,,,,,,,,,,,,,,,,,,,,,,,,,
xd_ablation,adapter_train,local_global_tf,236,,0.9272039601257894,0.771306641009263,0.9295218111020669,0.7793005388214518,30.78571628502816,23.761468210158124,17.47211116969804,13.001860108271815,9.566932476281709,18.917617649887568,,,,,,,,,,,,,,,,,,,,,,,,,,,,,,,,,,,,,,,,,,,,,,,,,,,,,,,,,,,,,,
xd_ablation,adapter_train,local_global_tf,237,,0.9242910926210947,0.7352553620192317,0.9237131686128628,0.7555432402861881,29.352028603487597,22.635998554136933,17.30700641579892,12.265018638296901,7.950122243533417,17.902034891050754,,,,,,,,,,,,,,,,,,,,,,,,,,,,,,,,,,,,,,,,,,,,,,,,,,,,,,,,,,,,,,
xd_ablation,adapter_train,local_global_tf,238,,0.9314580445274867,0.7723697486278638,0.9327469101343399,0.7883621162699429,28.39249336962892,22.396422352030275,16.65590880044145,11.579926966850122,8.725934787255794,17.550137255241314,,,,,,,,,,,,,,,,,,,,,,,,,,,,,,,,,,,,,,,,,,,,,,,,,,,,,,,,,,,,,,
xd_ablation,adapter_train_summary,local_global_tf,,,,,,,,,,,,,5,"234,235,236,237,238",0.9296971726247615,0.0037896161823222714,1.4361190809318827e-05,0.9249924969941533,0.9344018482553696,0.0047046756306081995,0.7704738642571259,0.02106192788679804,0.0004436048063086809,0.7443262191935237,0.7966215093207282,0.026147645063602207,0.9295426788120766,0.003461650373620606,1.1983023309187681e-05,0.9252451612348537,0.9338401963892996,0.004297517577222987,0.7805858967365031,0.014956851490212789,0.00022370740650028053,0.7620174899820468,0.7991543034909595,0.01856840675445637,28.793670270898865,1.3296803831144823,1.7680499212394762,27.142918692383336,30.444421849414393,1.6507515785155282,22.207126447111005,1.1376856868966991,1.2943287221696143,20.794729552828514,23.619523341393496,1.412396894282492,16.420722062605467,1.0774421471374112,1.1608815804280745,15.08311541086237,17.758328714348565,1.3376066517430973,11.721658295860605,0.9286863512774324,0.8624583390489906,10.568726749464272,12.874589842256938,1.1529315463963323,8.182931484630858,1.0193790442241641,1.0391336358033703,6.917408139526496,9.44845482973522,1.2655233451043622,17.46522171222136,1.0621950921169536,1.1282584137173437,16.146543744741304,18.783899679701417,1.3186779674800562
xd_ablation,adapter_train,global_tf_gcn,234,,0.9399275511289518,0.8066751700749215,0.9371051682337493,0.8076522958153863,32.0289874910297,26.2396158001321,20.230558048859727,14.75423057818929,11.475011739805748,20.945680731603314,,,,,,,,,,,,,,,,,,,,,,,,,,,,,,,,,,,,,,,,,,,,,,,,,,,,,,,,,,,,,,
xd_ablation,adapter_train,global_tf_gcn,235,,0.9407782403287599,0.810577014784926,0.9441381575058269,0.8336804429977461,32.58418212476732,26.81624029786125,20.07897949637719,15.421644156408728,11.895854954957379,21.35938020607437,,,,,,,,,,,,,,,,,,,,,,,,,,,,,,,,,,,,,,,,,,,,,,,,,,,,,,,,,,,,,,
xd_ablation,adapter_train,global_tf_gcn,236,,0.9378835218654421,0.7962991086969795,0.9337375647978399,0.7632599415541661,30.531649567502743,25.296141094216747,19.50136608575546,14.299475424540534,9.832871738468207,19.892300782096736,,,,,,,,,,,,,,,,,,,,,,,,,,,,,,,,,,,,,,,,,,,,,,,,,,,,,,,,,,,,,,
xd_ablation,adapter_train,global_tf_gcn,237,,0.939547694175835,0.8104857446450675,0.9436360848208498,0.8342496318857868,36.52394391800097,28.11905550667574,21.744773250847558,15.631940832324162,12.422406536427342,22.888424008855154,,,,,,,,,,,,,,,,,,,,,,,,,,,,,,,,,,,,,,,,,,,,,,,,,,,,,,,,,,,,,,
xd_ablation,adapter_train,global_tf_gcn,238,,0.9473448790769674,0.8356154809103082,0.9445600790727744,0.8336930815651852,34.721346002144486,28.893847856593034,22.561831224385312,16.5291399013495,11.82465979728869,22.906164956352203,,,,,,,,,,,,,,,,,,,,,,,,,,,,,,,,,,,,,,,,,,,,,,,,,,,,,,,,,,,,,,
xd_ablation,adapter_train_summary,global_tf_gcn,,,,,,,,,,,,,5,"234,235,236,237,238",0.9410963773151912,0.003648013146556758,1.3307999917450939e-05,0.9365674968890404,0.9456252577413421,0.004528880426150869,0.8119305038224406,0.014464235614734302,0.00020921411191854818,0.7939736624068239,0.8298873452380573,0.017956841415616664,0.9406354108862081,0.004917295805673845,2.417979804049759e-05,0.9345307605384071,0.946740061234009,0.0061046503478009205,0.8145070787636541,0.03081698445974923,0.0009496865311924256,0.776248872966209,0.8527652845610992,0.03825820579744513,33.27802182068904,2.3560165421728136,5.5508139469919415,30.35310988291127,36.20293375846681,2.9249119377777704,27.072980111095774,1.4428618591380586,2.081850344555335,25.281717698114132,28.864242524077415,1.7912624129816408,20.82350162124505,1.277151994998971,1.6311172183298515,19.237962194987837,22.409041047502264,1.585539426257213,15.327286178562442,0.85600203332427,0.7327394810552847,14.264589664673299,16.389982692451586,1.062696513889143,11.490160953389474,0.9864578003060068,0.9730989917845657,10.265508178427165,12.714813728351782,1.2246527749623086,21.598390136996354,1.3008034604191645,1.6920896426384726,19.983488245614147,23.21329202837856,1.6149018913822086
xd_ablation,adapter_train,lgt_adapter,234,,0.9366079987986359,0.7882213382876545,0.9461656297828878,0.8452936845194258,35.13227474150902,29.15768593069357,22.265413059051138,17.085829535086685,13.160866223230824,23.36041389791425,,,,,,,,,,,,,,,,,,,,,,,,,,,,,,,,,,,,,,,,,,,,,,,,,,,,,,,,,,,,,,
xd_ablation,adapter_train,lgt_adapter,235,,0.9335311518008613,0.7789090103887841,0.9394640186611461,0.816880258965037,34.60100325122167,27.51416705050356,21.243153198384167,15.768476582905617,11.251606858237444,22.07568138825049,,,,,,,,,,,,,,,,,,,,,,,,,,,,,,,,,,,,,,,,,,,,,,,,,,,,,,,,,,,,,,
xd_ablation,adapter_train,lgt_adapter,236,,0.9326998121336667,0.7784491027528495,0.9315084456786862,0.7849429287681392,35.22649909905829,28.20436440632397,22.003271103898552,16.48743842586806,11.785259615708947,22.741366530171565,,,,,,,,,,,,,,,,,,,,,,,,,,,,,,,,,,,,,,,,,,,,,,,,,,,,,,,,,,,,,,
xd_ablation,adapter_train,lgt_adapter,237,,0.9366420136458464,0.7957700988404592,0.9442609880212945,0.837611792915854,36.625961709553536,28.03497470743465,22.48998974292769,15.916081944014454,11.12309619033679,22.838020858853426,,,,,,,,,,,,,,,,,,,,,,,,,,,,,,,,,,,,,,,,,,,,,,,,,,,,,,,,,,,,,,
xd_ablation,adapter_train,lgt_adapter,238,,0.9395432450121379,0.7975799382223896,0.9356890494196431,0.8025877147975651,32.66069292251938,25.713450322469296,19.999379017990805,14.66756078843701,10.877986277129663,20.78381386570923,,,,,,,,,,,,,,,,,,,,,,,,,,,,,,,,,,,,,,,,,,,,,,,,,,,,,,,,,,,,,,
xd_ablation,adapter_train_summary,lgt_adapter,,,,,,,,,,,,,5,"234,235,236,237,238",0.9358048442782296,0.002744651702922488,7.5331129703553136e-06,0.9323974554134993,0.93921223314296,0.0034073888647303176,0.7877858976984274,0.009025452541729656,8.145879358301432e-05,0.7765811147902371,0.7989906806066178,0.011204782908190401,0.9394176263127315,0.006030200653229481,3.636331991820926e-05,0.9319313436139013,0.9469039090115617,0.007486282698830256,0.8174632759932042,0.024797628849840766,0.0006149223965744551,0.7866778891535215,0.8482486628328869,0.03078538683968271,34.84928634477238,1.4344452681242317,2.0576332272439988,33.06847283445805,36.63009985508671,1.7808135103143308,27.72492848348501,1.2717356389498782,1.6173115353752552,26.146113273371302,29.303743693598715,1.5788152101137065,21.60024122445047,1.0107930972554668,1.0217026854592999,20.345377031493957,22.855105417406985,1.254864192956513,15.985077455262365,0.9016024861137696,0.81288704296653,14.865769577936414,17.10438533258832,1.119307877325952,11.639763032928734,0.9128030782990076,0.8332094597521443,10.506550013085162,12.772976052772306,1.133213019843572,22.359859308179793,0.9924681409144518,0.9849930107301882,21.12774490606798,23.591973710291605,1.23211440211181
